wl,n1,n2
0.4000 ,0.050697522,2.104097635
0.4010 ,0.050910697,2.117224456
0.4020 ,0.051090063,2.130378464
0.4030 ,0.051232883,2.143540001
0.4040 ,0.051336505,2.156689982
0.4050 ,0.051398365,2.169809878
0.4060 ,0.051415982,2.182881706
0.4070 ,0.051386958,2.195888011
0.4080 ,0.051308976,2.208811858
0.4090 ,0.051179793,2.221636818
0.4100 ,0.050997246,2.234346953
0.4110 ,0.050759243,2.246926805
0.4120 ,0.050463767,2.259361387
0.4130 ,0.050108868,2.271636168
0.4140 ,0.049693286,2.283738276
0.4150 ,0.04922166,2.295666675
0.4160 ,0.048701723,2.307426677
0.4170 ,0.048141034,2.31902354
0.4180 ,0.047546943,2.330462402
0.4190 ,0.0469266,2.341748284
0.4200 ,0.046286957,2.352886091
0.4210 ,0.045634775,2.363880616
0.4220 ,0.044976627,2.374736545
0.4230 ,0.044318902,2.385458454
0.4240 ,0.04366781,2.396050814
0.4250 ,0.043029388,2.406517994
0.4260 ,0.0424095,2.416864263
0.4270 ,0.041813845,2.427093791
0.4280 ,0.041247958,2.437210651
0.4290 ,0.040717215,2.447218825
0.4300 ,0.040226837,2.4571222
0.4310 ,0.039781775,2.466924772
0.4320 ,0.03938418,2.476634883
0.4330 ,0.039033521,2.486265032
0.4340 ,0.03872916,2.495827571
0.4350 ,0.038470471,2.505334526
0.4360 ,0.038256834,2.514797601
0.4370 ,0.038087639,2.524228189
0.4380 ,0.037962284,2.533637375
0.4390 ,0.037880175,2.543035947
0.4400 ,0.037840726,2.5524344
0.4410 ,0.037843359,2.561842944
0.4420 ,0.037887504,2.571271507
0.4430 ,0.037972598,2.580729748
0.4440 ,0.038098087,2.590227058
0.4450 ,0.038263423,2.599772566
0.4460 ,0.038468067,2.609375148
0.4470 ,0.038711486,2.61904343
0.4480 ,0.038993154,2.628785796
0.4490 ,0.039312553,2.638610391
0.4500 ,0.039669171,2.648525127
0.4510 ,0.040062501,2.658537679
0.4520 ,0.040490983,2.668650358
0.4530 ,0.040950407,2.678852381
0.4540 ,0.041436246,2.689131198
0.4550 ,0.041944091,2.699474569
0.4560 ,0.042469642,2.709870562
0.4570 ,0.043008707,2.720307544
0.4580 ,0.043557203,2.730774173
0.4590 ,0.044111147,2.741259394
0.4600 ,0.044666662,2.751752433
0.4610 ,0.045219968,2.762242788
0.4620 ,0.045767384,2.772720228
0.4630 ,0.046305324,2.783174783
0.4640 ,0.046830296,2.79359674
0.4650 ,0.047338898,2.803976637
0.4660 ,0.047827818,2.814305259
0.4670 ,0.048293832,2.824573631
0.4680 ,0.048733801,2.834773015
0.4690 ,0.049144671,2.844894901
0.4700 ,0.049523467,2.854931007
0.4710 ,0.049867299,2.864873271
0.4720 ,0.050173502,2.874714313
0.4730 ,0.050441925,2.884454399
0.4740 ,0.050674379,2.894099774
0.4750 ,0.05087269,2.903656712
0.4760 ,0.051038644,2.913131338
0.4770 ,0.051173988,2.922529639
0.4780 ,0.05128043,2.931857461
0.4790 ,0.051359641,2.941120512
0.4800 ,0.051413253,2.950324371
0.4810 ,0.051442862,2.959474481
0.4820 ,0.05145003,2.968576161
0.4830 ,0.051436283,2.977634602
0.4840 ,0.051403111,2.986654873
0.4850 ,0.051351973,2.995641923
0.4860 ,0.051284294,3.004600582
0.4870 ,0.051201465,3.013535565
0.4880 ,0.051104848,3.022451474
0.4890 ,0.050995773,3.031352798
0.4900 ,0.050875538,3.04024392
0.4910 ,0.050745415,3.049129116
0.4920 ,0.050606642,3.058012555
0.4930 ,0.050460433,3.066898307
0.4940 ,0.050307969,3.075790341
0.4950 ,0.050150409,3.084692527
0.4960 ,0.04998888,3.093608639
0.4970 ,0.049824712,3.102541849
0.4980 ,0.049659942,3.111493597
0.4990 ,0.049496704,3.120464951
0.5000 ,0.049337084,3.12945695
0.5010 ,0.049183117,3.138470603
0.5020 ,0.049036787,3.147506889
0.5030 ,0.048900034,3.15656676
0.5040 ,0.048774747,3.165651142
0.5050 ,0.048662771,3.17476093
0.5060 ,0.048565905,3.183896998
0.5070 ,0.048485905,3.193060189
0.5080 ,0.048424481,3.202251325
0.5090 ,0.048383303,3.2114712
0.5100 ,0.048363997,3.220720585
0.5110 ,0.04836815,3.230000229
0.5120 ,0.048397307,3.239310856
0.5130 ,0.048452977,3.248653166
0.5140 ,0.048536626,3.258027841
0.5150 ,0.048649686,3.267435536
0.5160 ,0.04879355,3.27687689
0.5170 ,0.048969575,3.286352516
0.5180 ,0.049179083,3.295863012
0.5190 ,0.049423362,3.305408952
0.5200 ,0.049703664,3.314990891
0.5210 ,0.050021207,3.324609367
0.5220 ,0.050376037,3.334263576
0.5230 ,0.050764428,3.343948374
0.5240 ,0.051181962,3.353657838
0.5250 ,0.051624319,3.363386171
0.5260 ,0.052087272,3.373127705
0.5270 ,0.052566688,3.382876895
0.5280 ,0.053058522,3.392628321
0.5290 ,0.053558822,3.402376682
0.5300 ,0.054063722,3.412116793
0.5310 ,0.054569442,3.421843589
0.5320 ,0.055072286,3.431552114
0.5330 ,0.055568644,3.441237527
0.5340 ,0.056054982,3.450895094
0.5350 ,0.05652785,3.46052019
0.5360 ,0.056983875,3.470108294
0.5370 ,0.05741976,3.479654989
0.5380 ,0.057832285,3.489155961
0.5390 ,0.058218303,3.498606993
0.5400 ,0.058574739,3.508003966
0.5410 ,0.058898591,3.517342859
0.5420 ,0.059186926,3.526619742
0.5430 ,0.059436878,3.535830781
0.5440 ,0.059645652,3.544972229
0.5450 ,0.059810516,3.55404043
0.5460 ,0.059928804,3.563031815
0.5470 ,0.059997913,3.571942901
0.5480 ,0.060015303,3.580770287
0.5490 ,0.059978568,3.589510751
0.5500 ,0.059888119,3.598164782
0.5510 ,0.059747899,3.60673752
0.5520 ,0.059562007,3.615234307
0.5530 ,0.059334457,3.62366038
0.5540 ,0.059069183,3.63202087
0.5550 ,0.058770038,3.640320804
0.5560 ,0.058440796,3.648565106
0.5570 ,0.058085156,3.656758601
0.5580 ,0.057706738,3.664906017
0.5590 ,0.05730909,3.673011982
0.5600 ,0.056895686,3.681081034
0.5610 ,0.056469927,3.689117613
0.5620 ,0.056035146,3.69712607
0.5630 ,0.055594604,3.705110665
0.5640 ,0.055151494,3.713075571
0.5650 ,0.054708943,3.721024872
0.5660 ,0.054270013,3.72896257
0.5670 ,0.053837699,3.736892579
0.5680 ,0.053414934,3.744818733
0.5690 ,0.053004588,3.752744787
0.5700 ,0.052609471,3.760674412
0.5710 ,0.05223233,3.768611205
0.5720 ,0.051875855,3.776558683
0.5730 ,0.051542678,3.784520291
0.5740 ,0.051235373,3.792499397
0.5750 ,0.050956458,3.800499299
0.5760 ,0.050708395,3.80852322
0.5770 ,0.050493595,3.816574317
0.5780 ,0.050314412,3.824655675
0.5790 ,0.050173149,3.832770311
0.5800 ,0.050072059,3.840921179
0.5810 ,0.050013343,3.849111163
0.5820 ,0.049999154,3.857343086
0.5830 ,0.050030919,3.86561892
0.5840 ,0.050106627,3.873936608
0.5850 ,0.050223224,3.882292875
0.5860 ,0.050377716,3.890684508
0.5870 ,0.050567165,3.899108353
0.5880 ,0.05078869,3.907561317
0.5890 ,0.051039463,3.916040364
0.5900 ,0.05131671,3.924542517
0.5910 ,0.051617714,3.933064854
0.5920 ,0.051939806,3.941604512
0.5930 ,0.052280369,3.95015868
0.5940 ,0.05263684,3.958724601
0.5950 ,0.053006701,3.967299572
0.5960 ,0.053387486,3.975880943
0.5970 ,0.053776777,3.984466113
0.5980 ,0.054172202,3.993052534
0.5990 ,0.054571437,4.001637705
0.6000 ,0.054972201,4.010219176
0.6010 ,0.055372262,4.018794544
0.6020 ,0.05576943,4.027361453
0.6030 ,0.056161557,4.035917595
0.6040 ,0.056546541,4.044460707
0.6050 ,0.056922321,4.052988569
0.6060 ,0.057286876,4.061499007
0.6070 ,0.057638227,4.069989892
0.6080 ,0.057974436,4.078459134
0.6090 ,0.058293601,4.086904689
0.6100 ,0.058593863,4.095324551
0.6110 ,0.058873399,4.103716757
0.6120 ,0.059130422,4.112079383
0.6130 ,0.059363184,4.120410544
0.6140 ,0.059569973,4.128708395
0.6150 ,0.059749113,4.136971128
0.6160 ,0.05989896,4.145196974
0.6170 ,0.060017912,4.153384201
0.6180 ,0.060105159,4.161532011
0.6190 ,0.06016176,4.169641798
0.6200 ,0.060189031,4.177715251
0.6210 ,0.060188264,4.185754029
0.6220 ,0.06016073,4.193759764
0.6230 ,0.060107677,4.201734057
0.6240 ,0.060030333,4.209678482
0.6250 ,0.059929903,4.217594583
0.6260 ,0.059807573,4.225483879
0.6270 ,0.059664508,4.233347859
0.6280 ,0.059501851,4.241187988
0.6290 ,0.059320727,4.249005702
0.6300 ,0.059122242,4.256802413
0.6310 ,0.05890748,4.264579507
0.6320 ,0.058677509,4.272338344
0.6330 ,0.058433376,4.280080261
0.6340 ,0.05817611,4.287806568
0.6350 ,0.057906724,4.295518555
0.6360 ,0.05762621,4.303217484
0.6370 ,0.057335544,4.310904597
0.6380 ,0.057035686,4.318581112
0.6390 ,0.056727576,4.326248223
0.6400 ,0.056412139,4.333907105
0.6410 ,0.056090284,4.341558909
0.6420 ,0.055762901,4.349204765
0.6430 ,0.055430868,4.356845782
0.6440 ,0.055095045,4.364483048
0.6450 ,0.054756274,4.372117631
0.6460 ,0.054415387,4.379750578
0.6470 ,0.054073198,4.387382916
0.6480 ,0.053730504,4.395015655
0.6490 ,0.053388092,4.402649782
0.6500 ,0.053046731,4.410286268
0.6510 ,0.052707178,4.417926064
0.6520 ,0.052370175,4.425570102
0.6530 ,0.052036449,4.433219299
0.6540 ,0.051706717,4.440874551
0.6550 ,0.05138168,4.448536737
0.6560 ,0.051062026,4.45620672
0.6570 ,0.05074843,4.463885346
0.6580 ,0.050441556,4.471573443
0.6590 ,0.050142054,4.479271824
0.6600 ,0.049850538,4.486981261
0.6610 ,0.049567103,4.494702015
0.6620 ,0.049291358,4.502433867
0.6630 ,0.049022898,4.510176581
0.6640 ,0.048761326,4.517929922
0.6650 ,0.048506251,4.525693661
0.6660 ,0.048257289,4.533467569
0.6670 ,0.048014061,4.541251421
0.6680 ,0.047776196,4.549044994
0.6690 ,0.047543328,4.556848069
0.6700 ,0.047315097,4.564660426
0.6710 ,0.047091152,4.572481852
0.6720 ,0.046871143,4.580312133
0.6730 ,0.046654729,4.588151059
0.6740 ,0.046441576,4.595998423
0.6750 ,0.046231351,4.603854019
0.6760 ,0.046023732,4.611717643
0.6770 ,0.045818399,4.619589096
0.6780 ,0.045615039,4.627468178
0.6790 ,0.045413344,4.635354694
0.6800 ,0.04521301,4.643248449
0.6810 ,0.04501374,4.651149253
0.6820 ,0.044815242,4.659056916
0.6830 ,0.044617228,4.66697125
0.6840 ,0.044419416,4.674892071
0.6850 ,0.044221528,4.682819195
0.6860 ,0.044023292,4.690752442
0.6870 ,0.043824439,4.698691633
0.6880 ,0.043624708,4.706636591
0.6890 ,0.043423838,4.714587142
0.6900 ,0.043221576,4.722543113
0.6910 ,0.043017673,4.730504334
0.6920 ,0.042811884,4.738470635
0.6930 ,0.042603967,4.746441851
0.6940 ,0.042393687,4.754417816
0.6950 ,0.042180812,4.762398368
0.6960 ,0.041965113,4.770383345
0.6970 ,0.041746367,4.778372589
0.6980 ,0.041524354,4.786365942
0.6990 ,0.041298859,4.794363249
0.7000 ,0.041069669,4.802364356
0.7010 ,0.040836577,4.810369111
0.7020 ,0.040599379,4.818377364
0.7030 ,0.040357874,4.826388967
0.7040 ,0.040111867,4.834403774
0.7050 ,0.039861182,4.842421622
0.7060 ,0.039605998,4.850442069
0.7070 ,0.039346793,4.858464425
0.7080 ,0.039084048,4.866488007
0.7090 ,0.038818233,4.874512141
0.7100 ,0.038549815,4.882536164
0.7110 ,0.038279251,4.890559423
0.7120 ,0.03800699,4.898581276
0.7130 ,0.037733475,4.906601091
0.7140 ,0.037459141,4.914618247
0.7150 ,0.037184415,4.922632133
0.7160 ,0.036909719,4.930642146
0.7170 ,0.036635466,4.938647696
0.7180 ,0.036362063,4.946648199
0.7190 ,0.03608991,4.954643083
0.7200 ,0.035819401,4.962631784
0.7210 ,0.035550923,4.970613749
0.7220 ,0.035284855,4.978588433
0.7230 ,0.035021572,4.986555299
0.7240 ,0.034761442,4.994513821
0.7250 ,0.034504824,5.002463479
0.7260 ,0.034252076,5.010403765
0.7270 ,0.034003544,5.018334176
0.7280 ,0.033759574,5.02625422
0.7290 ,0.033520501,5.034163413
0.7300 ,0.033286658,5.042061278
0.7310 ,0.033058369,5.049947347
0.7320 ,0.032835955,5.057821158
0.7330 ,0.03261973,5.06568226
0.7340 ,0.032410002,5.073530208
0.7350 ,0.032207076,5.081364564
0.7360 ,0.032011249,5.0891849
0.7370 ,0.031822813,5.096990791
0.7380 ,0.031642057,5.104781824
0.7390 ,0.031469263,5.11255759
0.7400 ,0.031304707,5.12031769
0.7410 ,0.031148663,5.128061728
0.7420 ,0.031001398,5.13578932
0.7430 ,0.030863174,5.143500084
0.7440 ,0.03073425,5.151193647
0.7450 ,0.030614877,5.158869644
0.7460 ,0.030505305,5.166527714
0.7470 ,0.030405777,5.174167503
0.7480 ,0.030316532,5.181788665
0.7490 ,0.030237806,5.189390859
0.7500 ,0.030169828,5.196973749
0.7510 ,0.030112825,5.204537008
0.7520 ,0.030067019,5.212080313
0.7530 ,0.030032626,5.219603348
0.7540 ,0.030009861,5.227105801
0.7550 ,0.029998933,5.234587368
0.7560 ,0.030000046,5.24204775
0.7570 ,0.030013293,5.249486915
0.7580 ,0.03003834,5.256905856
0.7590 ,0.03007475,5.264305799
0.7600 ,0.030122096,5.271687955
0.7610 ,0.030179954,5.279053513
0.7620 ,0.030247909,5.286403647
0.7630 ,0.030325549,5.293739511
0.7640 ,0.030412469,5.301062242
0.7650 ,0.030508271,5.308372962
0.7660 ,0.03061256,5.315672772
0.7670 ,0.030724949,5.322962759
0.7680 ,0.030845056,5.330243992
0.7690 ,0.030972503,5.337517524
0.7700 ,0.031106919,5.344784392
0.7710 ,0.031247938,5.352045616
0.7720 ,0.031395199,5.359302202
0.7730 ,0.031548345,5.366555138
0.7740 ,0.031707028,5.373805398
0.7750 ,0.0318709,5.381053941
0.7760 ,0.032039621,5.38830171
0.7770 ,0.032212856,5.395549634
0.7780 ,0.032390274,5.402798627
0.7790 ,0.032571549,5.410049589
0.7800 ,0.03275636,5.417303406
0.7810 ,0.03294439,5.424560948
0.7820 ,0.033135328,5.431823073
0.7830 ,0.033328865,5.439090625
0.7840 ,0.0335247,5.446364434
0.7850 ,0.033722534,5.453645317
0.7860 ,0.033922073,5.460934077
0.7870 ,0.034123028,5.468231506
0.7880 ,0.034325113,5.475538381
0.7890 ,0.034528047,5.482855467
0.7900 ,0.034731554,5.490183518
0.7910 ,0.03493536,5.497523272
0.7920 ,0.035139198,5.50487546
0.7930 ,0.035342802,5.512240795
0.7940 ,0.035545912,5.519619984
0.7950 ,0.035748271,5.527013718
0.7960 ,0.035949627,5.534422678
0.7970 ,0.036149731,5.541847534
0.7980 ,0.036348337,5.549288945
0.7990 ,0.036545204,5.556747556
0.8000 ,0.036740094,5.564224006
0.8010 ,0.036932773,5.571718918
0.8020 ,0.037123011,5.579232907
0.8030 ,0.037310581,5.586766579
0.8040 ,0.037495259,5.594320526
0.8050 ,0.037676825,5.601895331
0.8060 ,0.037855063,5.609491569
0.8070 ,0.03802976,5.617109802
0.8080 ,0.038200706,5.624750584
0.8090 ,0.038367694,5.632414459
0.8100 ,0.038530521,5.640101959
0.8110 ,0.038688987,5.647813611
0.8120 ,0.038842896,5.65554993
0.8130 ,0.038992052,5.66331142
0.8140 ,0.039136266,5.671098579
0.8150 ,0.039275351,5.678911894
0.8160 ,0.03940912,5.686751845
0.8170 ,0.039537394,5.694618902
0.8180 ,0.039659993,5.702513526
0.8190 ,0.039776741,5.710436169
0.8200 ,0.039887466,5.718387277
0.8210 ,0.039991998,5.726367285
0.8220 ,0.040090214,5.734376416
0.8230 ,0.040182225,5.742413842
0.8240 ,0.040268214,5.750478419
0.8250 ,0.040348359,5.758569015
0.8260 ,0.040422839,5.766684517
0.8270 ,0.040491828,5.774823821
0.8280 ,0.040555499,5.78298584
0.8290 ,0.040614023,5.791169503
0.8300 ,0.040667568,5.799373749
0.8310 ,0.0407163,5.807597534
0.8320 ,0.040760384,5.815839826
0.8330 ,0.040799981,5.824099607
0.8340 ,0.040835252,5.832375872
0.8350 ,0.040866354,5.84066763
0.8360 ,0.040893443,5.848973902
0.8370 ,0.040916673,5.857293722
0.8380 ,0.040936196,5.865626138
0.8390 ,0.040952162,5.87397021
0.8400 ,0.040964718,5.882325009
0.8410 ,0.04097401,5.890689619
0.8420 ,0.040980183,5.899063138
0.8430 ,0.040983378,5.907444674
0.8440 ,0.040983736,5.915833348
0.8450 ,0.040981395,5.924228291
0.8460 ,0.040976493,5.932628647
0.8470 ,0.040969163,5.941033572
0.8480 ,0.040959539,5.949442232
0.8490 ,0.040947752,5.957853806
0.8500 ,0.040933932,5.966267481
0.8510 ,0.040918207,5.974682458
0.8520 ,0.040900702,5.983097948
0.8530 ,0.040881542,5.991513171
0.8540 ,0.040860851,5.99992736
0.8550 ,0.040838749,6.008339757
0.8560 ,0.040815355,6.016749616
0.8570 ,0.040790788,6.025156198
0.8580 ,0.040765165,6.033558777
0.8590 ,0.040738599,6.041956636
0.8600 ,0.040711204,6.050349068
0.8610 ,0.040683092,6.058735375
0.8620 ,0.040654374,6.067114871
0.8630 ,0.040625157,6.075486876
0.8640 ,0.040595549,6.083850722
0.8650 ,0.040565656,6.092205749
0.8660 ,0.040535582,6.100551309
0.8670 ,0.040505431,6.108886758
0.8680 ,0.040475303,6.117211466
0.8690 ,0.040445298,6.125524808
0.8700 ,0.040415516,6.133826171
0.8710 ,0.040386054,6.142114949
0.8720 ,0.040357007,6.150390545
0.8730 ,0.040328471,6.15865237
0.8740 ,0.040300539,6.166899843
0.8750 ,0.040273303,6.175132394
0.8760 ,0.040246853,6.183349458
0.8770 ,0.040221279,6.191550479
0.8780 ,0.04019667,6.19973491
0.8790 ,0.040173112,6.207902211
0.8800 ,0.040150691,6.216051851
0.8810 ,0.040129492,6.224183305
0.8820 ,0.040109599,6.232296056
0.8830 ,0.040091092,6.240389597
0.8840 ,0.040074054,6.248463425
0.8850 ,0.040058563,6.256517046
0.8860 ,0.0400447,6.264549974
0.8870 ,0.04003254,6.27256173
0.8880 ,0.040022162,6.28055184
0.8890 ,0.04001364,6.28851984
0.8900 ,0.040007048,6.296465271
0.8910 ,0.040002459,6.304387681
0.8920 ,0.039999946,6.312286627
0.8930 ,0.03999955,6.320161853
0.8940 ,0.040001205,6.328013759
0.8950 ,0.040004823,6.335842885
0.8960 ,0.040010317,6.343649768
0.8970 ,0.040017601,6.351434935
0.8980 ,0.040026589,6.359198909
0.8990 ,0.040037197,6.366942205
0.9000 ,0.040049343,6.374665334
0.9010 ,0.040062944,6.382368798
0.9020 ,0.040077919,6.390053096
0.9030 ,0.040094188,6.397718719
0.9040 ,0.040111673,6.405366152
0.9050 ,0.040130295,6.412995875
0.9060 ,0.040149978,6.420608363
0.9070 ,0.040170644,6.428204082
0.9080 ,0.04019222,6.435783497
0.9090 ,0.040214631,6.443347064
0.9100 ,0.040237804,6.450895234
0.9110 ,0.040261667,6.458428453
0.9120 ,0.040286147,6.465947161
0.9130 ,0.040311176,6.473451794
0.9140 ,0.040336682,6.480942782
0.9150 ,0.040362598,6.488420548
0.9160 ,0.040388856,6.495885513
0.9170 ,0.040415389,6.50333809
0.9180 ,0.04044213,6.510778688
0.9190 ,0.040469015,6.518207712
0.9200 ,0.040495979,6.52562556
0.9210 ,0.040522959,6.533032627
0.9220 ,0.040549892,6.540429301
0.9230 ,0.040576715,6.547815967
0.9240 ,0.040603369,6.555193005
0.9250 ,0.040629791,6.56256079
0.9260 ,0.040655924,6.569919692
0.9270 ,0.040681709,6.577270076
0.9280 ,0.040707086,6.584612303
0.9290 ,0.040732,6.591946731
0.9300 ,0.040756393,6.59927371
0.9310 ,0.04078021,6.606593589
0.9320 ,0.040803396,6.613906711
0.9330 ,0.040825897,6.621213414
0.9340 ,0.040847659,6.628514034
0.9350 ,0.040868629,6.6358089
0.9360 ,0.040888755,6.643098339
0.9370 ,0.040907987,6.650382673
0.9380 ,0.040926272,6.657662219
0.9390 ,0.040943561,6.664937293
0.9400 ,0.040959806,6.672208202
0.9410 ,0.040974956,6.679475254
0.9420 ,0.040988964,6.68673875
0.9430 ,0.041001783,6.693998988
0.9440 ,0.041013365,6.701256263
0.9450 ,0.041023666,6.708510864
0.9460 ,0.041032639,6.715763079
0.9470 ,0.041040239,6.72301319
0.9480 ,0.041046423,6.730261476
0.9490 ,0.041051146,6.737508213
0.9500 ,0.041054366,6.744753674
0.9510 ,0.041056041,6.751998125
0.9520 ,0.041056128,6.759241833
0.9530 ,0.041054586,6.766485059
0.9540 ,0.041051375,6.773728059
0.9550 ,0.041046455,6.78097109
0.9560 ,0.041039786,6.788214402
0.9570 ,0.041031329,6.795458242
0.9580 ,0.041021046,6.802702856
0.9590 ,0.0410089,6.809948484
0.9600 ,0.040994851,6.817195364
0.9610 ,0.040978866,6.824443731
0.9620 ,0.040960905,6.831693817
0.9630 ,0.040940935,6.83894585
0.9640 ,0.04091892,6.846200055
0.9650 ,0.040894826,6.853456655
0.9660 ,0.040868618,6.860715869
0.9670 ,0.040840262,6.867977913
0.9680 ,0.040809726,6.875243
0.9690 ,0.040776976,6.88251134
0.9700 ,0.040741982,6.889783142
0.9710 ,0.04070471,6.897058609
0.9720 ,0.04066513,6.904337944
0.9730 ,0.040623211,6.911621344
0.9740 ,0.040578923,6.918909007
0.9750 ,0.040532237,6.926201125
0.9760 ,0.040483121,6.93349789
0.9770 ,0.040431549,6.940799489
0.9780 ,0.040377491,6.948106106
0.9790 ,0.04032092,6.955417926
0.9800 ,0.040261807,6.962735128
0.9810 ,0.040200126,6.970057889
0.9820 ,0.04013585,6.977386385
0.9830 ,0.040068953,6.984720787
0.9840 ,0.039999409,6.992061265
0.9850 ,0.039927223,6.999407972
0.9860 ,0.03985252,7.006760997
0.9870 ,0.039775452,7.014120415
0.9880 ,0.039696172,7.021486297
0.9890 ,0.039614827,7.028858714
0.9900 ,0.039531565,7.036237738
0.9910 ,0.039446533,7.043623435
0.9920 ,0.039359873,7.051015874
0.9930 ,0.039271728,7.058415121
0.9940 ,0.039182239,7.065821241
0.9950 ,0.039091545,7.073234297
0.9960 ,0.038999783,7.080654352
0.9970 ,0.03890709,7.088081467
0.9980 ,0.038813599,7.095515703
0.9990 ,0.038719442,7.102957118
1.0000 ,0.038624752,7.11040577
1.0010 ,0.038529658,7.117861716
1.0020 ,0.038434287,7.125325012
1.0030 ,0.038338766,7.132795712
1.0040 ,0.038243221,7.14027387
1.0050 ,0.038147774,7.147759537
1.0060 ,0.038052548,7.155252766
1.0070 ,0.037957663,7.162753606
1.0080 ,0.037863239,7.170262107
1.0090 ,0.037769393,7.177778317
1.0100 ,0.037676241,7.185302283
1.0110 ,0.037583899,7.19283405
1.0120 ,0.03749248,7.200373665
1.0130 ,0.037402096,7.207921171
1.0140 ,0.037312858,7.215476612
1.0150 ,0.037224875,7.22304003
1.0160 ,0.037138256,7.230611466
1.0170 ,0.037053107,7.23819096
1.0180 ,0.036969534,7.245778553
1.0190 ,0.036887642,7.253374281
1.0200 ,0.036807532,7.260978184
1.0210 ,0.036729307,7.268590298
1.0220 ,0.036653068,7.276210658
1.0230 ,0.036578913,7.283839299
1.0240 ,0.03650694,7.291476257
1.0250 ,0.036437246,7.299121563
1.0260 ,0.036369927,7.306775251
1.0270 ,0.036305077,7.314437351
1.0280 ,0.03624279,7.322107895
1.0290 ,0.036183156,7.329786913
1.0300 ,0.036126268,7.337474433
1.0310 ,0.036072214,7.345170484
1.0320 ,0.036021084,7.352875094
1.0330 ,0.035972964,7.360588289
1.0340 ,0.035927942,7.368310096
1.0350 ,0.035886102,7.37604054
1.0360 ,0.035847529,7.383779644
1.0370 ,0.035812305,7.391527434
1.0380 ,0.035780513,7.399283931
1.0390 ,0.035752233,7.407049159
1.0400 ,0.035727546,7.414823139
1.0410 ,0.03570653,7.422605892
1.0420 ,0.035689264,7.430397437
1.0430 ,0.035675823,7.438197796
1.0440 ,0.035666284,7.446006985
1.0450 ,0.035660722,7.453825025
1.0460 ,0.03565921,7.461651931
1.0470 ,0.035661822,7.469487721
1.0480 ,0.035668629,7.477332412
1.0490 ,0.035679702,7.485186019
1.0500 ,0.035695111,7.493048556
1.0510 ,0.035714926,7.500920038
1.0520 ,0.035739214,7.508800479
1.0530 ,0.035768042,7.516689892
1.0540 ,0.035801478,7.524588289
1.0550 ,0.035839585,7.532495682
1.0560 ,0.03588243,7.540412083
1.0570 ,0.035930075,7.548337503
1.0580 ,0.035982582,7.556271951
1.0590 ,0.036040015,7.564215437
1.0600 ,0.036102435,7.57216797
1.0610 ,0.0361699,7.580129558
1.0620 ,0.036242471,7.588100211
1.0630 ,0.036320206,7.596079934
1.0640 ,0.036403162,7.604068736
1.0650 ,0.036491398,7.612066621
1.0660 ,0.036584968,7.620073597
1.0670 ,0.036683928,7.628089668
1.0680 ,0.036788333,7.63611484
1.0690 ,0.036898236,7.644149116
1.0700 ,0.037013689,7.6521925
1.0710 ,0.037134747,7.660244997
1.0720 ,0.037261458,7.668306608
1.0730 ,0.037393875,7.676377336
1.0740 ,0.037532048,7.684457184
1.0750 ,0.037676024,7.692546152
1.0760 ,0.037825853,7.700644241
1.0770 ,0.037981583,7.708751453
1.0780 ,0.03814326,7.716867786
1.0790 ,0.038310931,7.724993242
1.0800 ,0.038484642,7.733127819
1.0810 ,0.038664436,7.741271516
1.0820 ,0.03885036,7.749424332
1.0830 ,0.039042455,7.757586264
1.0840 ,0.039240765,7.76575731
1.0850 ,0.039445332,7.773937467
1.0860 ,0.039656197,7.782126733
1.0870 ,0.039873402,7.790325102
1.0880 ,0.040096985,7.798532568
1.0890 ,0.040326915,7.806748969
1.0900 ,0.04056308,7.814973968
1.0910 ,0.040805365,7.823207219
1.0920 ,0.041053655,7.831448378
1.0930 ,0.041307837,7.839697108
1.0940 ,0.041567799,7.847953071
1.0950 ,0.041833429,7.856215935
1.0960 ,0.042104617,7.864485372
1.0970 ,0.042381254,7.872761054
1.0980 ,0.042663232,7.881042659
1.0990 ,0.042950443,7.889329868
1.1000 ,0.043242781,7.897622363
1.1010 ,0.043540142,7.905919832
1.1020 ,0.04384242,7.914221965
1.1030 ,0.044149513,7.922528453
1.1040 ,0.044461319,7.930838993
1.1050 ,0.044777735,7.939153284
1.1060 ,0.045098663,7.947471027
1.1070 ,0.045424002,7.955791928
1.1080 ,0.045753653,7.964115694
1.1090 ,0.046087521,7.972442036
1.1100 ,0.046425507,7.980770668
1.1110 ,0.046767516,7.989101305
1.1120 ,0.047113454,7.997433669
1.1130 ,0.047463226,8.005767479
1.1140 ,0.04781674,8.014102462
1.1150 ,0.048173903,8.022438345
1.1160 ,0.048534624,8.030774859
1.1170 ,0.048898813,8.039111736
1.1180 ,0.049266381,8.047448713
1.1190 ,0.049637238,8.055785529
1.1200 ,0.050011297,8.064121924
1.1210 ,0.050388471,8.072457642
1.1220 ,0.050768674,8.08079243
1.1230 ,0.05115182,8.089126036
1.1240 ,0.051537826,8.097458213
1.1250 ,0.051926606,8.105788714
1.1260 ,0.052318079,8.114117297
1.1270 ,0.052712162,8.12244372
1.1280 ,0.053108775,8.130767745
1.1290 ,0.053507836,8.139089135
1.1300 ,0.053909266,8.147407659
1.1310 ,0.054312985,8.155723083
1.1320 ,0.054718917,8.164035181
1.1330 ,0.055126982,8.172343725
1.1340 ,0.055537105,8.180648491
1.1350 ,0.05594921,8.188949258
1.1360 ,0.056363221,8.197245807
1.1370 ,0.056779064,8.20553792
1.1380 ,0.057196665,8.213825382
1.1390 ,0.057615951,8.222107982
1.1400 ,0.05803685,8.230385509
1.1410 ,0.05845929,8.238657755
1.1420 ,0.0588832,8.246924513
1.1430 ,0.059308511,8.255185581
1.1440 ,0.059735152,8.263440756
1.1450 ,0.060163054,8.271689839
1.1460 ,0.06059215,8.279932633
1.1470 ,0.061022373,8.288168943
1.1480 ,0.061453654,8.296398575
1.1490 ,0.061885928,8.304621338
1.1500 ,0.06231913,8.312837044
1.1510 ,0.062753194,8.321045505
1.1520 ,0.063188056,8.329246537
1.1530 ,0.063623654,8.337439956
1.1540 ,0.064059923,8.345625581
1.1550 ,0.064496801,8.353803233
1.1560 ,0.064934228,8.361972736
1.1570 ,0.065372141,8.370133913
1.1580 ,0.06581048,8.378286592
1.1590 ,0.066249186,8.386430601
1.1600 ,0.066688198,8.39456577
1.1610 ,0.067127459,8.402691933
1.1620 ,0.067566911,8.410808922
1.1630 ,0.068006495,8.418916575
1.1640 ,0.068446155,8.427014728
1.1650 ,0.068885834,8.435103222
1.1660 ,0.069325477,8.443181898
1.1670 ,0.069765029,8.451250598
1.1680 ,0.070204434,8.459309168
1.1690 ,0.07064364,8.467357454
1.1700 ,0.071082591,8.475395305
1.1710 ,0.071521236,8.483422571
1.1720 ,0.071959521,8.491439103
1.1730 ,0.072397396,8.499444755
1.1740 ,0.072834808,8.507439382
1.1750 ,0.073271706,8.51542284
1.1760 ,0.073708041,8.523394988
1.1770 ,0.074143762,8.531355686
1.1780 ,0.074578821,8.539304795
1.1790 ,0.075013168,8.547242178
1.1800 ,0.075446755,8.555167701
1.1810 ,0.075879534,8.563081228
1.1820 ,0.076311459,8.570982629
1.1830 ,0.076742482,8.578871772
1.1840 ,0.077172556,8.586748529
1.1850 ,0.077601637,8.594612771
1.1860 ,0.078029679,8.602464373
1.1870 ,0.078456637,8.61030321
1.1880 ,0.078882467,8.618129158
1.1890 ,0.079307124,8.625942096
1.1900 ,0.079730566,8.633741904
1.1910 ,0.080152749,8.641528462
1.1920 ,0.08057363,8.649301654
1.1930 ,0.080993169,8.657061363
1.1940 ,0.081411322,8.664807475
1.1950 ,0.08182805,8.672539876
1.1960 ,0.08224331,8.680258454
1.1970 ,0.082657063,8.687963099
1.1980 ,0.08306927,8.695653702
1.1990 ,0.08347989,8.703330154
1.2000 ,0.083888885,8.71099235
1.2010 ,0.084296215,8.718640184
1.2020 ,0.084701844,8.726273551
1.2030 ,0.085105732,8.733892351
1.2040 ,0.085507843,8.74149648
1.2050 ,0.08590814,8.749085839
1.2060 ,0.086306587,8.756660329
1.2070 ,0.086703146,8.764219852
1.2080 ,0.087097783,8.771764312
1.2090 ,0.087490462,8.779293615
1.2100 ,0.087881149,8.786807665
1.2110 ,0.088269808,8.79430637
1.2120 ,0.088656405,8.801789639
1.2130 ,0.089040907,8.809257381
1.2140 ,0.089423281,8.816709507
1.2150 ,0.089803493,8.824145929
1.2160 ,0.090181511,8.831566568
1.2170 ,0.090557324,8.838971531
1.2180 ,0.090930941,8.846361123
1.2190 ,0.091302372,8.853735654
1.2200 ,0.091671627,8.861095432
1.2210 ,0.092038716,8.868440761
1.2220 ,0.092403649,8.875771943
1.2230 ,0.092766436,8.883089278
1.2240 ,0.093127087,8.890393062
1.2250 ,0.093485611,8.89768359
1.2260 ,0.093842019,8.904961152
1.2270 ,0.09419632,8.912226037
1.2280 ,0.094548523,8.919478532
1.2290 ,0.094898639,8.926718919
1.2300 ,0.095246676,8.933947481
1.2310 ,0.095592645,8.941164494
1.2320 ,0.095936555,8.948370236
1.2330 ,0.096278415,8.955564979
1.2340 ,0.096618235,8.962748995
1.2350 ,0.096956024,8.969922552
1.2360 ,0.097291791,8.977085915
1.2370 ,0.097625545,8.984239349
1.2380 ,0.097957296,8.991383115
1.2390 ,0.098287053,8.99851747
1.2400 ,0.098614825,9.005642673
1.2410 ,0.098940621,9.012758977
1.2420 ,0.099264449,9.019866633
1.2430 ,0.09958632,9.026965891
1.2440 ,0.099906241,9.034056998
1.2450 ,0.100224222,9.041140199
1.2460 ,0.100540272,9.048215737
1.2470 ,0.100854398,9.055283852
1.2480 ,0.101166611,9.062344783
1.2490 ,0.101476919,9.069398764
1.2500 ,0.101785329,9.07644603
1.2510 ,0.102091852,9.083486813
1.2520 ,0.102396495,9.090521341
1.2530 ,0.102699268,9.097549843
1.2540 ,0.103000178,9.104572543
1.2550 ,0.103299233,9.111589665
1.2560 ,0.103596444,9.118601429
1.2570 ,0.103891816,9.125608055
1.2580 ,0.10418536,9.132609759
1.2590 ,0.104477083,9.139606756
1.2600 ,0.104766994,9.14659926
1.2610 ,0.105055101,9.15358748
1.2620 ,0.105341411,9.160571627
1.2630 ,0.105625933,9.167551906
1.2640 ,0.105908675,9.174528522
1.2650 ,0.106189646,9.18150168
1.2660 ,0.106468852,9.188471579
1.2670 ,0.106746302,9.195438419
1.2680 ,0.107022005,9.202402397
1.2690 ,0.107295967,9.209363708
1.2700 ,0.107568197,9.216322547
1.2710 ,0.107838702,9.223279105
1.2720 ,0.10810749,9.230233571
1.2730 ,0.108374569,9.237186134
1.2740 ,0.108639947,9.24413698
1.2750 ,0.108903631,9.251086293
1.2760 ,0.109165629,9.258034256
1.2770 ,0.109425949,9.264981051
1.2780 ,0.109684597,9.271926855
1.2790 ,0.109941582,9.278871847
1.2800 ,0.11019691,9.285816202
1.2810 ,0.11045059,9.292760094
1.2820 ,0.110702629,9.299703696
1.2830 ,0.110953033,9.306647178
1.2840 ,0.111201812,9.313590709
1.2850 ,0.11144897,9.320534457
1.2860 ,0.111694517,9.327478587
1.2870 ,0.111938459,9.334423262
1.2880 ,0.112180803,9.341368647
1.2890 ,0.112421556,9.348314901
1.2900 ,0.112660726,9.355262183
1.2910 ,0.11289832,9.362210652
1.2920 ,0.113134344,9.369160463
1.2930 ,0.113368806,9.376111771
1.2940 ,0.113601713,9.38306473
1.2950 ,0.113833071,9.390019489
1.2960 ,0.114062888,9.3969762
1.2970 ,0.11429117,9.403935011
1.2980 ,0.114517924,9.410896069
1.2990 ,0.114743157,9.41785952
1.3000 ,0.114966875,9.424825506
1.3010 ,0.115189087,9.431794172
1.3020 ,0.115409797,9.438765658
1.3030 ,0.115629014,9.445740104
1.3040 ,0.115846742,9.452717648
1.3050 ,0.11606299,9.459698428
1.3060 ,0.116277764,9.466682577
1.3070 ,0.11649107,9.473670232
1.3080 ,0.116702914,9.480661524
1.3090 ,0.116913304,9.487656584
1.3100 ,0.117122245,9.494655544
1.3110 ,0.117329745,9.501658531
1.3120 ,0.117535809,9.508665672
1.3130 ,0.117740444,9.515677094
1.3140 ,0.117943656,9.522692922
1.3150 ,0.118145452,9.529713279
1.3160 ,0.118345837,9.536738287
1.3170 ,0.118544819,9.543768066
1.3180 ,0.118742402,9.550802737
1.3190 ,0.118938594,9.557842418
1.3200 ,0.119133401,9.564887225
1.3210 ,0.119326828,9.571937275
1.3220 ,0.119518882,9.578992682
1.3230 ,0.119709569,9.58605356
1.3240 ,0.119898894,9.59312002
1.3250 ,0.120086865,9.600192174
1.3260 ,0.120273486,9.607270132
1.3270 ,0.120458764,9.614354001
1.3280 ,0.120642705,9.62144389
1.3290 ,0.120825315,9.628539904
1.3300 ,0.121006598,9.63564215
1.3310 ,0.121186563,9.64275073
1.3320 ,0.121365213,9.649865747
1.3330 ,0.121542556,9.656987304
1.3340 ,0.121718596,9.664115501
1.3350 ,0.121893339,9.671250437
1.3360 ,0.122066791,9.67839221
1.3370 ,0.122238959,9.685540919
1.3380 ,0.122409846,9.692696659
1.3390 ,0.12257946,9.699859525
1.3400 ,0.122747806,9.707029612
1.3410 ,0.122914888,9.714207012
1.3420 ,0.123080714,9.721391817
1.3430 ,0.123245287,9.728584119
1.3440 ,0.123408615,9.735784007
1.3450 ,0.123570702,9.74299157
1.3460 ,0.123731553,9.750206896
1.3470 ,0.123891174,9.757430072
1.3480 ,0.124049571,9.764661183
1.3490 ,0.124206749,9.771900316
1.3500 ,0.124362713,9.779147552
1.3510 ,0.124517469,9.786402976
1.3520 ,0.124671021,9.79366667
1.3530 ,0.124823375,9.800938713
1.3540 ,0.124974537,9.808219187
1.3550 ,0.125124511,9.815508171
1.3560 ,0.125273303,9.822805742
1.3570 ,0.125420918,9.830111979
1.3580 ,0.125567361,9.837426956
1.3590 ,0.125712637,9.84475075
1.3600 ,0.125856751,9.852083436
1.3610 ,0.125999709,9.859425086
1.3620 ,0.126141515,9.866775773
1.3630 ,0.126282174,9.87413557
1.3640 ,0.126421691,9.881504548
1.3650 ,0.126560073,9.888882776
1.3660 ,0.126697322,9.896270323
1.3670 ,0.126833445,9.903667259
1.3680 ,0.126968445,9.91107365
1.3690 ,0.127102329,9.918489563
1.3700 ,0.127235101,9.925915064
1.3710 ,0.127366766,9.933350219
1.3720 ,0.127497328,9.940795091
1.3730 ,0.127626792,9.948249744
1.3740 ,0.127755164,9.95571424
1.3750 ,0.127882448,9.963188641
1.3760 ,0.128008648,9.970673008
1.3770 ,0.12813377,9.978167402
1.3780 ,0.128257818,9.985671881
1.3790 ,0.128380796,9.993186505
1.3800 ,0.12850271,10.00071133
1.3810 ,0.128623564,10.00824642
1.3820 ,0.128743362,10.01579182
1.3830 ,0.12886211,10.02334759
1.3840 ,0.128979811,10.03091379
1.3850 ,0.129096471,10.03849047
1.3860 ,0.129212093,10.04607768
1.3870 ,0.129326683,10.05367548
1.3880 ,0.129440245,10.06128392
1.3890 ,0.129552782,10.06890305
1.3900 ,0.129664301,10.07653291
1.3910 ,0.129774804,10.08417357
1.3920 ,0.129884297,10.09182507
1.3930 ,0.129992784,10.09948745
1.3940 ,0.130100271,10.10716075
1.3950 ,0.130206773,10.11484485
1.3960 ,0.130312306,10.12253962
1.3970 ,0.130416888,10.13024492
1.3980 ,0.130520535,10.13796061
1.3990 ,0.130623264,10.14568655
1.4000 ,0.130725092,10.15342261
1.4010 ,0.130826034,10.16116866
1.4020 ,0.130926109,10.16892455
1.4030 ,0.13102533,10.17669016
1.4040 ,0.131123716,10.18446535
1.4050 ,0.13122128,10.19225
1.4060 ,0.131318041,10.20004396
1.4070 ,0.131414012,10.20784712
1.4080 ,0.13150921,10.21565934
1.4090 ,0.13160365,10.2234805
1.4100 ,0.131697347,10.23131046
1.4110 ,0.131790317,10.2391491
1.4120 ,0.131882575,10.2469963
1.4130 ,0.131974135,10.25485193
1.4140 ,0.132065013,10.26271587
1.4150 ,0.132155224,10.27058799
1.4160 ,0.132244781,10.27846817
1.4170 ,0.1323337,10.28635629
1.4180 ,0.132421995,10.29425224
1.4190 ,0.13250968,10.30215588
1.4200 ,0.13259677,10.31006711
1.4210 ,0.132683278,10.3179858
1.4220 ,0.132769218,10.32591183
1.4230 ,0.132854606,10.3338451
1.4240 ,0.132939453,10.34178548
1.4250 ,0.133023774,10.34973285
1.4260 ,0.133107582,10.35768712
1.4270 ,0.133190892,10.36564815
1.4280 ,0.133273715,10.37361585
1.4290 ,0.133356066,10.38159009
1.4300 ,0.133437957,10.38957077
1.4310 ,0.133519402,10.39755777
1.4320 ,0.133600413,10.40555099
1.4330 ,0.133681004,10.41355032
1.4340 ,0.133761187,10.42155564
1.4350 ,0.133840974,10.42956686
1.4360 ,0.133920379,10.43758386
1.4370 ,0.133999413,10.44560654
1.4380 ,0.134078089,10.4536348
1.4390 ,0.13415642,10.46166852
1.4400 ,0.134234417,10.46970761
1.4410 ,0.134312092,10.47775197
1.4420 ,0.134389457,10.48580148
1.4430 ,0.134466525,10.49385605
1.4440 ,0.134543307,10.50191558
1.4450 ,0.134619814,10.50997996
1.4460 ,0.134696059,10.51804911
1.4470 ,0.134772052,10.52612291
1.4480 ,0.134847805,10.53420127
1.4490 ,0.13492333,10.54228409
1.4500 ,0.134998637,10.55037128
1.4510 ,0.135073738,10.55846274
1.4520 ,0.135148644,10.56655837
1.4530 ,0.135223365,10.57465808
1.4540 ,0.135297914,10.58276178
1.4550 ,0.135372299,10.59086936
1.4560 ,0.135446532,10.59898074
1.4570 ,0.135520624,10.60709583
1.4580 ,0.135594585,10.61521453
1.4590 ,0.135668426,10.62333676
1.4600 ,0.135742157,10.63146241
1.4610 ,0.135815788,10.63959141
1.4620 ,0.135889329,10.64772366
1.4630 ,0.13596279,10.65585907
1.4640 ,0.136036183,10.66399756
1.4650 ,0.136109515,10.67213903
1.4660 ,0.136182798,10.68028341
1.4670 ,0.136256041,10.68843061
1.4680 ,0.136329253,10.69658053
1.4690 ,0.136402445,10.7047331
1.4700 ,0.136475626,10.71288822
1.4710 ,0.136548805,10.72104583
1.4720 ,0.136621991,10.72920582
1.4730 ,0.136695195,10.73736813
1.4740 ,0.136768425,10.74553266
1.4750 ,0.136841691,10.75369934
1.4760 ,0.136915,10.76186809
1.4770 ,0.136988364,10.77003882
1.4780 ,0.13706179,10.77821145
1.4790 ,0.137135287,10.78638591
1.4800 ,0.137208864,10.79456212
1.4810 ,0.13728253,10.80273999
1.4820 ,0.137356293,10.81091946
1.4830 ,0.137430162,10.81910044
1.4840 ,0.137504145,10.82728285
1.4850 ,0.137578252,10.83546663
1.4860 ,0.13765249,10.84365169
1.4870 ,0.137726867,10.85183796
1.4880 ,0.137801392,10.86002537
1.4890 ,0.137876072,10.86821384
1.4900 ,0.137950917,10.8764033
1.4910 ,0.138025933,10.88459367
1.4920 ,0.13810113,10.89278488
1.4930 ,0.138176514,10.90097687
1.4940 ,0.138252094,10.90916955
1.4950 ,0.138327877,10.91736286
1.4960 ,0.13840387,10.92555673
1.4970 ,0.138480083,10.93375109
1.4980 ,0.138556521,10.94194587
1.4990 ,0.138633194,10.95014099
1.5000 ,0.138710107,10.9583364
1.5010 ,0.138787268,10.96653202
1.5020 ,0.138864685,10.97472778
1.5030 ,0.138942365,10.98292363
1.5040 ,0.139020315,10.99111948
1.5050 ,0.139098543,10.99931528
1.5060 ,0.139177054,11.00751096
1.5070 ,0.139255856,11.01570646
1.5080 ,0.139334957,11.02390171
1.5090 ,0.139414362,11.03209664
1.5100 ,0.13949408,11.04029119
1.5110 ,0.139574115,11.04848531
1.5120 ,0.139654476,11.05667891
1.5130 ,0.139735169,11.06487196
1.5140 ,0.139816199,11.07306437
1.5150 ,0.139897575,11.0812561
1.5160 ,0.139979302,11.08944707
1.5170 ,0.140061387,11.09763723
1.5180 ,0.140143835,11.10582652
1.5190 ,0.140226654,11.11401488
1.5200 ,0.14030985,11.12220225
1.5210 ,0.140393428,11.13038856
1.5220 ,0.140477395,11.13857377
1.5230 ,0.140561757,11.14675781
1.5240 ,0.140646519,11.15494063
1.5250 ,0.140731689,11.16312217
1.5260 ,0.140817271,11.17130237
1.5270 ,0.140903272,11.17948117
1.5280 ,0.140989697,11.18765852
1.5290 ,0.141076552,11.19583437
1.5300 ,0.141163843,11.20400865
1.5310 ,0.141251575,11.21218132
1.5320 ,0.141339754,11.22035231
1.5330 ,0.141428386,11.22852158
1.5340 ,0.141517476,11.23668908
1.5350 ,0.141607029,11.24485474
1.5360 ,0.141697051,11.25301852
1.5370 ,0.141787547,11.26118035
1.5380 ,0.141878523,11.2693402
1.5390 ,0.141969983,11.27749801
1.5400 ,0.142061933,11.28565373
1.5410 ,0.142154378,11.2938073
1.5420 ,0.142247323,11.30195868
1.5430 ,0.142340773,11.31010782
1.5440 ,0.142434734,11.31825466
1.5450 ,0.142529209,11.32639916
1.5460 ,0.142624204,11.33454127
1.5470 ,0.142719724,11.34268094
1.5480 ,0.142815774,11.35081811
1.5490 ,0.142912358,11.35895275
1.5500 ,0.143009481,11.36708481
1.5510 ,0.143107148,11.37521423
1.5520 ,0.143205363,11.38334097
1.5530 ,0.143304132,11.39146499
1.5540 ,0.143403457,11.39958623
1.5550 ,0.143503345,11.40770466
1.5560 ,0.143603799,11.41582022
1.5570 ,0.143704824,11.42393288
1.5580 ,0.143806425,11.43204258
1.5590 ,0.143908604,11.44014928
1.5600 ,0.144011368,11.44825294
1.5610 ,0.14411472,11.45635351
1.5620 ,0.144218664,11.46445096
1.5630 ,0.144323204,11.47254523
1.5640 ,0.144428345,11.48063628
1.5650 ,0.14453409,11.48872408
1.5660 ,0.144640444,11.49680857
1.5670 ,0.144747411,11.50488973
1.5680 ,0.144854994,11.51296749
1.5690 ,0.144963198,11.52104184
1.5700 ,0.145072026,11.52911271
1.5710 ,0.145181482,11.53718008
1.5720 ,0.145291571,11.5452439
1.5730 ,0.145402295,11.55330414
1.5740 ,0.145513658,11.56136075
1.5750 ,0.145625664,11.56941368
1.5760 ,0.145738318,11.57746292
1.5770 ,0.145851621,11.58550841
1.5780 ,0.145965579,11.59355011
1.5790 ,0.146080194,11.601588
1.5800 ,0.14619547,11.60962202
1.5810 ,0.14631141,11.61765215
1.5820 ,0.146428018,11.62567835
1.5830 ,0.146545298,11.63370057
1.5840 ,0.146663252,11.64171878
1.5850 ,0.146781883,11.64973295
1.5860 ,0.146901196,11.65774304
1.5870 ,0.147021194,11.66574901
1.5880 ,0.147141879,11.67375083
1.5890 ,0.147263254,11.68174846
1.5900 ,0.147385324,11.68974187
1.5910 ,0.14750809,11.69773102
1.5920 ,0.147631557,11.70571588
1.5930 ,0.147755726,11.71369641
1.5940 ,0.147880602,11.72167259
1.5950 ,0.148006187,11.72964437
1.5960 ,0.148132483,11.73761172
1.5970 ,0.148259495,11.74557461
1.5980 ,0.148387224,11.753533
1.5990 ,0.148515674,11.76148687
1.6000 ,0.148644848,11.76943618
1.6010 ,0.148774747,11.7773809
1.6020 ,0.148905376,11.785321
1.6030 ,0.149036736,11.79325645
1.6040 ,0.14916883,11.8011872
1.6050 ,0.149301661,11.80911324
1.6060 ,0.149435232,11.81703454
1.6070 ,0.149569545,11.82495105
1.6080 ,0.149704603,11.83286276
1.6090 ,0.149840408,11.84076963
1.6100 ,0.149976962,11.84867163
1.6110 ,0.150114269,11.85656873
1.6120 ,0.150252331,11.8644609
1.6130 ,0.150391149,11.87234812
1.6140 ,0.150530727,11.88023035
1.6150 ,0.150671067,11.88810757
1.6160 ,0.15081217,11.89597975
1.6170 ,0.150954041,11.90384685
1.6180 ,0.151096679,11.91170886
1.6190 ,0.151240089,11.91956574
1.6200 ,0.151384272,11.92741746
1.6210 ,0.15152923,11.93526401
1.6220 ,0.151674965,11.94310534
1.6230 ,0.15182148,11.95094144
1.6240 ,0.151968776,11.95877228
1.6250 ,0.152116857,11.96659783
1.6260 ,0.152265723,11.97441807
1.6270 ,0.152415376,11.98223297
1.6280 ,0.15256582,11.9900425
1.6290 ,0.152717055,11.99784664
1.6300 ,0.152869084,12.00564536
1.6310 ,0.153021909,12.01343865
1.6320 ,0.153175531,12.02122646
1.6330 ,0.153329952,12.02900879
1.6340 ,0.153485174,12.0367856
1.6350 ,0.1536412,12.04455687
1.6360 ,0.15379803,12.05232257
1.6370 ,0.153955667,12.06008269
1.6380 ,0.154114112,12.0678372
1.6390 ,0.154273367,12.07558608
1.6400 ,0.154433433,12.08332929
1.6410 ,0.154594313,12.09106683
1.6420 ,0.154756008,12.09879866
1.6430 ,0.15491852,12.10652477
1.6440 ,0.15508185,12.11424513
1.6450 ,0.155245999,12.12195972
1.6460 ,0.15541097,12.12966852
1.6470 ,0.155576764,12.1373715
1.6480 ,0.155743382,12.14506865
1.6490 ,0.155910825,12.15275994
1.6500 ,0.156079097,12.16044535
1.6510 ,0.156248196,12.16812486
1.6520 ,0.156418126,12.17579846
1.6530 ,0.156588888,12.18346611
1.6540 ,0.156760482,12.1911278
1.6550 ,0.15693291,12.19878351
1.6560 ,0.157106174,12.20643322
1.6570 ,0.157280275,12.21407691
1.6580 ,0.157455214,12.22171456
1.6590 ,0.157630993,12.22934614
1.6600 ,0.157807612,12.23697165
1.6610 ,0.157985073,12.24459106
1.6620 ,0.158163376,12.25220435
1.6630 ,0.158342525,12.2598115
1.6640 ,0.158522518,12.2674125
1.6650 ,0.158703358,12.27500732
1.6660 ,0.158885046,12.28259595
1.6670 ,0.159067582,12.29017837
1.6680 ,0.159250969,12.29775457
1.6690 ,0.159435206,12.30532451
1.6700 ,0.159620295,12.3128882
1.6710 ,0.159806237,12.3204456
1.6720 ,0.159993033,12.3279967
1.6730 ,0.160180684,12.33554149
1.6740 ,0.16036919,12.34307995
1.6750 ,0.160558554,12.35061206
1.6760 ,0.160748775,12.3581378
1.6770 ,0.160939855,12.36565716
1.6780 ,0.161131794,12.37317012
1.6790 ,0.161324594,12.38067666
1.6800 ,0.161518255,12.38817678
1.6810 ,0.161712779,12.39567045
1.6820 ,0.161908165,12.40315765
1.6830 ,0.162104414,12.41063838
1.6840 ,0.162301529,12.41811262
1.6850 ,0.162499508,12.42558035
1.6860 ,0.162698354,12.43304155
1.6870 ,0.162898066,12.44049622
1.6880 ,0.163098646,12.44794433
1.6890 ,0.163300093,12.45538588
1.6900 ,0.16350241,12.46282084
1.6910 ,0.163705596,12.47024921
1.6920 ,0.163909652,12.47767097
1.6930 ,0.164114579,12.4850861
1.6940 ,0.164320377,12.4924946
1.6950 ,0.164527047,12.49989644
1.6960 ,0.16473459,12.50729162
1.6970 ,0.164943006,12.51468012
1.6980 ,0.165152295,12.52206193
1.6990 ,0.165362459,12.52943703
1.7000 ,0.165573497,12.53680541
1.7010 ,0.16578541,12.54416707
1.7020 ,0.165998199,12.55152198
1.7030 ,0.166211864,12.55887013
1.7040 ,0.166426406,12.56621151
1.7050 ,0.166641825,12.57354611
1.7060 ,0.166858121,12.58087392
1.7070 ,0.167075295,12.58819493
1.7080 ,0.167293347,12.59550911
1.7090 ,0.167512278,12.60281647
1.7100 ,0.167732088,12.61011699
1.7110 ,0.167952777,12.61741065
1.7120 ,0.168174346,12.62469745
1.7130 ,0.168396795,12.63197737
1.7140 ,0.168620124,12.63925041
1.7150 ,0.168844334,12.64651655
1.7160 ,0.169069424,12.65377579
1.7170 ,0.169295396,12.6610281
1.7180 ,0.169522249,12.66827349
1.7190 ,0.169749984,12.67551194
1.7200 ,0.169978601,12.68274343
1.7210 ,0.1702081,12.68996797
1.7220 ,0.170438481,12.69718553
1.7230 ,0.170669744,12.70439611
1.7240 ,0.17090189,12.71159971
1.7250 ,0.171134919,12.7187963
1.7260 ,0.171368831,12.72598588
1.7270 ,0.171603626,12.73316845
1.7280 ,0.171839304,12.74034398
1.7290 ,0.172075866,12.74751248
1.7300 ,0.17231331,12.75467393
1.7310 ,0.172551639,12.76182832
1.7320 ,0.172790851,12.76897564
1.7330 ,0.173030946,12.7761159
1.7340 ,0.173271925,12.78324907
1.7350 ,0.173513788,12.79037514
1.7360 ,0.173756535,12.79749412
1.7370 ,0.174000165,12.80460599
1.7380 ,0.174244679,12.81171074
1.7390 ,0.174490077,12.81880837
1.7400 ,0.174736359,12.82589886
1.7410 ,0.174983524,12.83298221
1.7420 ,0.175231573,12.84005842
1.7430 ,0.175480505,12.84712746
1.7440 ,0.175730321,12.85418934
1.7450 ,0.175981021,12.86124406
1.7460 ,0.176232603,12.86829159
1.7470 ,0.176485069,12.87533193
1.7480 ,0.176738418,12.88236508
1.7490 ,0.17699265,12.88939103
1.7500 ,0.177247765,12.89640977
1.7510 ,0.177503763,12.9034213
1.7520 ,0.177760643,12.9104256
1.7530 ,0.178018406,12.91742268
1.7540 ,0.17827705,12.92441252
1.7550 ,0.178536577,12.93139512
1.7560 ,0.178796986,12.93837047
1.7570 ,0.179058276,12.94533857
1.7580 ,0.179320448,12.9522994
1.7590 ,0.179583501,12.95925297
1.7600 ,0.179847435,12.96619927
1.7610 ,0.18011225,12.97313828
1.7620 ,0.180377945,12.98007002
1.7630 ,0.18064452,12.98699446
1.7640 ,0.180911976,12.99391161
1.7650 ,0.18118031,13.00082145
1.7660 ,0.181449525,13.00772399
1.7670 ,0.181719618,13.01461921
1.7680 ,0.18199059,13.02150712
1.7690 ,0.182262441,13.02838771
1.7700 ,0.182535169,13.03526096
1.7710 ,0.182808775,13.04212688
1.7720 ,0.183083259,13.04898547
1.7730 ,0.18335862,13.05583671
1.7740 ,0.183634857,13.06268061
1.7750 ,0.183911971,13.06951715
1.7760 ,0.184189961,13.07634633
1.7770 ,0.184468826,13.08316815
1.7780 ,0.184748566,13.08998261
1.7790 ,0.185029181,13.0967897
1.7800 ,0.185310671,13.10358941
1.7810 ,0.185593034,13.11038174
1.7820 ,0.185876271,13.1171667
1.7830 ,0.18616038,13.12394426
1.7840 ,0.186445363,13.13071443
1.7850 ,0.186731217,13.13747721
1.7860 ,0.187017943,13.14423259
1.7870 ,0.18730554,13.15098057
1.7880 ,0.187594008,13.15772114
1.7890 ,0.187883346,13.16445431
1.7900 ,0.188173554,13.17118006
1.7910 ,0.188464631,13.17789839
1.7920 ,0.188756576,13.18460931
1.7930 ,0.18904939,13.1913128
1.7940 ,0.189343071,13.19800887
1.7950 ,0.18963762,13.20469751
1.7960 ,0.189933035,13.21137871
1.7970 ,0.190229316,13.21805249
1.7980 ,0.190526463,13.22471882
1.7990 ,0.190824474,13.23137772
1.8000 ,0.19112335,13.23802917
1.8010 ,0.191423089,13.24467317
1.8020 ,0.191723692,13.25130973
1.8030 ,0.192025157,13.25793884
1.8040 ,0.192327484,13.2645605
1.8050 ,0.192630673,13.2711747
1.8060 ,0.192934722,13.27778144
1.8070 ,0.193239632,13.28438072
1.8080 ,0.193545401,13.29097254
1.8090 ,0.193852029,13.2975569
1.8100 ,0.194159515,13.30413379
1.8110 ,0.194467858,13.31070321
1.8120 ,0.194777059,13.31726517
1.8130 ,0.195087116,13.32381965
1.8140 ,0.195398029,13.33036666
1.8150 ,0.195709796,13.33690619
1.8160 ,0.196022418,13.34343825
1.8170 ,0.196335893,13.34996283
1.8180 ,0.196650222,13.35647993
1.8190 ,0.196965402,13.36298956
1.8200 ,0.197281434,13.36949169
1.8210 ,0.197598317,13.37598635
1.8220 ,0.19791605,13.38247352
1.8230 ,0.198234633,13.38895321
1.8240 ,0.198554064,13.39542541
1.8250 ,0.198874343,13.40189012
1.8260 ,0.199195469,13.40834734
1.8270 ,0.199517442,13.41479707
1.8280 ,0.19984026,13.42123932
1.8290 ,0.200163923,13.42767407
1.8300 ,0.200488431,13.43410133
1.8310 ,0.200813782,13.4405211
1.8320 ,0.201139976,13.44693337
1.8330 ,0.201467011,13.45333816
1.8340 ,0.201794888,13.45973544
1.8350 ,0.202123605,13.46612524
1.8360 ,0.202453162,13.47250754
1.8370 ,0.202783557,13.47888234
1.8380 ,0.203114791,13.48524965
1.8390 ,0.203446861,13.49160947
1.8400 ,0.203779768,13.49796178
1.8410 ,0.204113511,13.50430661
1.8420 ,0.204448088,13.51064394
1.8430 ,0.204783499,13.51697377
1.8440 ,0.205119744,13.5232961
1.8450 ,0.20545682,13.52961095
1.8460 ,0.205794728,13.53591829
1.8470 ,0.206133467,13.54221815
1.8480 ,0.206473035,13.5485105
1.8490 ,0.206813432,13.55479537
1.8500 ,0.207154657,13.56107274
1.8510 ,0.207496709,13.56734261
1.8520 ,0.207839588,13.573605
1.8530 ,0.208183292,13.57985989
1.8540 ,0.208527821,13.58610729
1.8550 ,0.208873173,13.5923472
1.8560 ,0.209219348,13.59857962
1.8570 ,0.209566345,13.60480456
1.8580 ,0.209914163,13.611022
1.8590 ,0.210262801,13.61723195
1.8600 ,0.210612259,13.62343442
1.8610 ,0.210962534,13.62962941
1.8620 ,0.211313628,13.63581691
1.8630 ,0.211665537,13.64199692
1.8640 ,0.212018263,13.64816946
1.8650 ,0.212371803,13.65433451
1.8660 ,0.212726156,13.66049208
1.8670 ,0.213081323,13.66664217
1.8680 ,0.213437302,13.67278479
1.8690 ,0.213794091,13.67891993
1.8700 ,0.214151691,13.6850476
1.8710 ,0.2145101,13.69116779
1.8720 ,0.214869317,13.69728051
1.8730 ,0.215229341,13.70338576
1.8740 ,0.215590171,13.70948355
1.8750 ,0.215951807,13.71557386
1.8760 ,0.216314247,13.72165671
1.8770 ,0.21667749,13.7277321
1.8780 ,0.217041536,13.73380002
1.8790 ,0.217406384,13.73986049
1.8800 ,0.217772032,13.74591349
1.8810 ,0.218138479,13.75195905
1.8820 ,0.218505725,13.75799714
1.8830 ,0.218873769,13.76402779
1.8840 ,0.219242609,13.77005098
1.8850 ,0.219612245,13.77606673
1.8860 ,0.219982675,13.78207502
1.8870 ,0.220353899,13.78807588
1.8880 ,0.220725916,13.79406929
1.8890 ,0.221098724,13.80005527
1.8900 ,0.221472323,13.8060338
1.8910 ,0.221846711,13.8120049
1.8920 ,0.222221888,13.81796857
1.8930 ,0.222597853,13.82392481
1.8940 ,0.222974604,13.82987362
1.8950 ,0.223352141,13.835815
1.8960 ,0.223730462,13.84174896
1.8970 ,0.224109567,13.8476755
1.8980 ,0.224489455,13.85359463
1.8990 ,0.224870124,13.85950633
1.9000 ,0.225251573,13.86541063
1.9010 ,0.225633802,13.87130751
1.9020 ,0.226016809,13.87719699
1.9030 ,0.226400593,13.88307906
1.9040 ,0.226785154,13.88895373
1.9050 ,0.22717049,13.894821
1.9060 ,0.2275566,13.90068088
1.9070 ,0.227943484,13.90653336
1.9080 ,0.228331139,13.91237845
1.9090 ,0.228719566,13.91821615
1.9100 ,0.229108763,13.92404647
1.9110 ,0.229498728,13.92986941
1.9120 ,0.229889462,13.93568496
1.9130 ,0.230280962,13.94149315
1.9140 ,0.230673228,13.94729396
1.9150 ,0.231066259,13.9530874
1.9160 ,0.231460053,13.95887348
1.9170 ,0.231854611,13.96465219
1.9180 ,0.232249929,13.97042354
1.9190 ,0.232646008,13.97618754
1.9200 ,0.233042846,13.98194418
1.9210 ,0.233440443,13.98769348
1.9220 ,0.233838797,13.99343543
1.9230 ,0.234237907,13.99917003
1.9240 ,0.234637771,14.0048973
1.9250 ,0.23503839,14.01061723
1.9260 ,0.235439762,14.01632983
1.9270 ,0.235841885,14.0220351
1.9280 ,0.236244759,14.02773304
1.9290 ,0.236648383,14.03342367
1.9300 ,0.237052755,14.03910697
1.9310 ,0.237457875,14.04478296
1.9320 ,0.237863741,14.05045164
1.9330 ,0.238270352,14.05611302
1.9340 ,0.238677707,14.06176709
1.9350 ,0.239085805,14.06741386
1.9360 ,0.239494645,14.07305333
1.9370 ,0.239904225,14.07868551
